<?xml version="1.0" encoding="UTF-8"?>
<GridLayout rows="auto" columns="*, *, *" class="bg-white p-4 rounded-lg">
    <StackLayout col="0" class="text-center">
        <Label text="{{ totalApplications }}" class="text-xl font-bold text-blue-500"/>
        <Label text="Applications" class="text-sm text-gray-600"/>
    </StackLayout>
    <StackLayout col="1" class="text-center">
        <Label text="{{ viewCount }}" class="text-xl font-bold text-green-500"/>
        <Label text="Views" class="text-sm text-gray-600"/>
    </StackLayout>
    <StackLayout col="2" class="text-center">
        <Label text="{{ lastUsed ? formatDate(lastUsed) : 'Never' }}" class="text-xl font-bold text-purple-500"/>
        <Label text="Last Used" class="text-sm text-gray-600"/>
    </StackLayout>
</GridLayout>