<?xml version="1.0" encoding="UTF-8"?>
<GridLayout xmlns="http://schemas.nativescript.org/tns.xsd" columns="*" rows="auto" class="bg-white m-2 p-4 rounded-lg">
    <StackLayout>
        <Label text="{{ title }}" class="text-lg font-bold text-blue-600"/>
        <Label text="{{ company }}" class="text-base text-gray-700"/>
        <FlexboxLayout class="mt-2">
            <Label text="{{ location }}" class="text-sm text-gray-500 mr-2"/>
            <Label text="{{ type }}" class="text-sm text-gray-500"/>
        </FlexboxLayout>
        <FlexboxLayout class="mt-2">
            <Label text="{{ salary }}" class="text-sm text-green-600 mr-2"/>
            <Label text="{{ experience }}" class="text-sm text-gray-600"/>
        </FlexboxLayout>
        <Button text="Apply Now" tap="{{ onApply }}" class="bg-blue-500 text-white mt-3 p-2 rounded"/>
    </StackLayout>
</GridLayout>