<?xml version="1.0" encoding="UTF-8"?>
<GridLayout class="bg-white p-4 rounded-lg">
    <StackLayout>
        <Label text="Select Location" class="text-lg font-bold mb-2"/>
        <SearchBar hint="Search cities..." text="{{ locationSearch }}" 
                   submit="{{ onLocationSearch }}" class="mb-2"/>
        <ListView items="{{ locations }}" itemTap="{{ onLocationSelect }}" height="200">
            <ListView.itemTemplate>
                <Label text="{{ name }}" class="p-2"/>
            </ListView.itemTemplate>
        </ListView>
    </StackLayout>
</GridLayout>