<?xml version="1.0" encoding="UTF-8"?>
<StackLayout class="p-4">
    <Label text="Notification Settings" class="text-xl font-bold mb-4"/>
    <GridLayout rows="auto, auto, auto, auto" columns="*, auto" class="mb-4">
        <Label row="0" col="0" text="New Job Alerts"/>
        <Switch row="0" col="1" checked="{{ preferences.newJobs }}" tap="{{ onToggleNewJobs }}"/>
        
        <Label row="1" col="0" text="Application Updates"/>
        <Switch row="1" col="1" checked="{{ preferences.applicationUpdates }}" tap="{{ onToggleApplicationUpdates }}"/>
        
        <Label row="2" col="0" text="Saved Search Alerts"/>
        <Switch row="2" col="1" checked="{{ preferences.savedSearches }}" tap="{{ onToggleSavedSearches }}"/>
        
        <Label row="3" col="0" text="Email Notifications"/>
        <Switch row="3" col="1" checked="{{ preferences.emailNotifications }}" tap="{{ onToggleEmailNotifications }}"/>
    </GridLayout>
</StackLayout>