<?xml version="1.0" encoding="UTF-8"?>
<StackLayout class="bg-white p-4 rounded-lg">
    <Label text="{{ job.title }}" class="text-2xl font-bold"/>
    <Label text="{{ job.company }}" class="text-lg text-gray-700 mt-1"/>
    <FlexboxLayout class="mt-2">
        <Label text="{{ job.location }}" class="text-gray-600 mr-2"/>
        <Label text="{{ job.type }}" class="text-blue-600"/>
    </FlexboxLayout>
    <Label text="{{ formattedSalary }}" class="text-green-600 mt-1"/>
    <Label text="{{ 'Experience: ' + job.experience + ' years' }}" class="text-gray-600"/>
</StackLayout>