<?xml version="1.0" encoding="UTF-8"?>
<StackLayout class="p-4 bg-white rounded-lg">
    <Label text="Application Status" class="text-xl font-bold mb-4"/>
    
    <GridLayout columns="*, auto" class="mb-4">
        <Label col="0" text="{{ status.current }}" class="text-lg"/>
        <Label col="1" text="{{ formatDate(lastUpdated) }}" class="text-sm text-gray-500"/>
    </GridLayout>
    
    <ListView items="{{ status.history }}" height="200">
        <ListView.itemTemplate>
            <GridLayout columns="auto, *, auto" class="p-2">
                <Label col="0" text="{{ getStatusIcon(status) }}" class="mr-2"/>
                <Label col="1" text="{{ status }}" class="text-gray-700"/>
                <Label col="2" text="{{ formatDate(date) }}" class="text-sm text-gray-500"/>
            </GridLayout>
        </ListView.itemTemplate>
    </ListView>
</StackLayout>