<?xml version="1.0" encoding="UTF-8"?>
<StackLayout class="p-4 bg-white rounded-lg">
    <Label text="Apply for Position" class="text-xl font-bold mb-4"/>
    
    <Label text="Select Resume" class="mb-2"/>
    <GridLayout columns="*, auto" class="mb-4">
        <ListPicker col="0" items="{{ resumeNames }}" selectedIndex="{{ selectedResumeIndex }}" 
                   class="bg-gray-100 p-2 rounded"/>
        <Button col="1" text="Upload New" tap="{{ onUploadNewResume }}" 
                class="ml-2 bg-blue-500 text-white p-2 rounded"/>
    </GridLayout>
    
    <Label text="Cover Letter" class="mb-2"/>
    <TextView text="{{ coverLetter }}" hint="Write your cover letter..." 
              class="bg-gray-100 p-2 rounded h-32 mb-4"/>
    
    <Button text="Submit Application" tap="{{ onSubmit }}" 
            isEnabled="{{ canSubmit }}"
            class="{{ canSubmit ? 'bg-blue-500' : 'bg-gray-300' }} text-white p-3 rounded"/>
</StackLayout>