<?xml version="1.0" encoding="UTF-8"?>
<StackLayout class="bg-white p-4 rounded-lg mt-4">
    <Label text="Resumes" class="text-lg font-bold mb-2"/>
    <ListView items="{{ resumes }}" class="list-group">
        <ListView.itemTemplate>
            <GridLayout columns="*, auto" class="p-2">
                <Label col="0" text="{{ name }}" class="text-gray-700"/>
                <Button col="1" text="Delete" tap="{{ $parent.onDeleteResume }}" class="bg-red-500 text-white p-1 rounded"/>
            </GridLayout>
        </ListView.itemTemplate>
    </ListView>
    <Button text="Upload New Resume" tap="{{ onUploadResume }}" class="bg-blue-500 text-white mt-3 p-2 rounded"/>
</StackLayout>